fecha,apertura,maximo,minimo,cierre,volumen,openint
"2008-05-29","3.20000","3.21","3.18","3.20000","237803","0"
"2008-05-30","3.22000","3.22","3.18","3.22000","134930","0"
"2008-06-02","3.20000","3.2","3.18","3.19000","106799","0"
"2008-06-03","3.18000","3.19","3.16","3.19000","196046","0"
"2008-06-04","3.17000","3.17","3.15","3.17000","316742","0"
"2008-06-05","3.15000","3.15","3.13","3.13000","73616","0"
"2008-06-06","3.10000","3.1","3.1","3.10000","1000","0"
"2008-06-09","3.02000","3.04","3","3.00000","109795","0"
"2008-06-10","2.95000","2.95","2.85","2.90000","365725","0"
"2008-06-11","2.88000","2.88","2.87","2.87000","50780","0"
"2008-06-12","2.85000","2.85","2.84","2.84000","229806","0"
"2008-06-13","2.86000","2.9","2.86","2.90000","45000","0"
"2008-06-19","2.90000","2.9","2.9","2.90000","500","0"
"2008-06-20","2.90000","2.9","2.9","2.90000","2000","0"
"2008-06-23","2.80000","2.84","2.7","2.84000","456269","0"
"2008-06-24","2.84000","2.86","2.84","2.86000","14416","0"
"2008-06-25","2.80000","2.81","2.8","2.81000","98570","0"
"2008-06-26","2.80000","2.8","2.72","2.79000","137553","0"
"2008-06-27","2.79000","2.79","2.75","2.75000","102975","0"
"2008-06-30","2.70000","2.8","2.65","2.80000","605192","0"
"2008-07-08","2.60000","2.6","2.52","2.60000","222160","0"
"2008-07-14","2.60000","2.6","2.6","2.60000","751723","0"
"2008-07-15","2.55000","2.7","2.55","2.70000","14727","0"
"2008-07-17","2.85000","2.85","2.7","2.70000","5705","0"
"2008-07-21","2.78000","2.83","2.78","2.83000","3500","0"
"2008-07-24","2.62000","2.7","2.62","2.70000","201000","0"
"2008-07-25","2.63000","2.72","2.63","2.72000","162090","0"
"2008-07-28","2.70000","2.7","2.7","2.70000","832","0"
"2008-07-31","2.67000","2.79","2.67","2.79000","20000","0"
"2008-08-04","2.62000","2.7","2.62","2.70000","72113","0"
"2008-08-07","2.65000","2.65","2.65","2.65000","2640","0"
"2008-08-08","2.63000","2.65","2.6","2.65000","854598","0"
"2008-08-12","2.60000","2.65","2.6","2.65000","14052","0"
"2008-08-13","2.70000","2.7","2.7","2.70000","10582","0"
"2008-08-20","2.55000","2.7","2.55","2.70000","5000","0"
"2008-08-25","2.60000","2.75","2.6","2.75000","2000","0"
"2008-09-01","2.75000","2.75","2.75","2.75000","2130","0"
"2008-09-02","2.75000","2.75","2.7","2.70000","2237","0"
"2008-09-05","2.55000","2.55","2.5","2.50000","60165","0"
"2008-09-09","2.50000","2.6","2.45","2.60000","50914","0"
"2008-09-11","2.46000","2.6","2.46","2.60000","14271","0"
"2008-09-17","2.34000","2.5","2.34","2.50000","16243","0"
"2008-09-18","2.45000","2.45","2.45","2.45000","1924","0"
"2008-09-19","2.50000","2.5","2.5","2.50000","641","0"
"2008-09-23","2.40000","2.5","2.4","2.50000","4584","0"
"2008-09-29","2.30000","2.4","2.3","2.40000","9825","0"
"2008-09-30","2.50000","2.5","2.35","2.40000","7561","0"
"2008-10-02","2.20000","2.3","2.2","2.30000","179200","0"
"2008-10-03","2.20000","2.3","2.2","2.30000","15733","0"
"2008-10-06","2.28000","2.28","2.28","2.28000","711","0"
"2008-10-07","2.20000","2.3","2.2","2.30000","8500","0"
"2008-10-08","2.25000","2.3","2.2","2.30000","12116","0"
"2008-10-09","2.15000","2.15","2.15","2.15000","5765","0"
"2008-10-10","2.15000","2.3","2.15","2.30000","9382","0"
"2008-10-14","2.25000","2.3","2.25","2.30000","22955","0"
"2008-10-15","2.10000","2.3","2.1","2.30000","7899","0"
"2008-10-20","2.30000","2.3","2.3","2.30000","10000","0"
"2008-10-21","2.18000","2.18","2.07","2.07000","30024","0"
"2008-10-22","2.20000","2.2","2.07","2.07000","19407","0"
"2008-10-23","2.07000","2.15","2","2.05000","22268","0"
"2008-10-24","1.95000","2.05","1.95","2.05000","23717","0"
"2008-10-28","1.90000","2.05","1.9","2.05000","69362","0"
"2008-10-29","2.05000","2.05","2.05","2.05000","15110","0"
"2008-10-30","2.05000","2.05","2.05","2.05000","16053","0"
"2008-10-31","2.04000","2.05","2","2.05000","10000","0"
"2008-11-03","2.05000","2.05","2","2.05000","23404","0"
"2008-11-04","2.05000","2.1","2.05","2.10000","29500","0"
"2008-11-07","2.05000","2.05","2.05","2.05000","2772","0"
"2008-11-10","2.05000","2.05","2","2.00000","20000","0"
"2008-11-11","2.00000","2","1.9","1.90000","1694","0"
"2008-11-12","1.80000","1.95","1.8","1.95000","18130","0"
"2008-11-14","1.95000","1.95","1.95","1.95000","513","0"
"2008-11-18","1.95000","2","1.95","2.00000","4821","0"
"2008-11-19","1.88000","1.95","1.88","1.95000","9833","0"
"2008-11-26","1.80000","2","1.8","2.00000","15486","0"
"2008-11-28","1.98000","1.98","1.98","1.98000","2000","0"
"2008-12-01","2.00000","2","2","2.00000","2000","0"
"2008-12-02","1.98000","2","1.98","2.00000","5446","0"
"2008-12-03","1.95000","2","1.95","2.00000","5141","0"
"2008-12-04","1.90000","1.9","1.9","1.90000","1078","0"
"2008-12-05","1.93000","1.95","1.93","1.95000","9122","0"
"2008-12-10","2.00000","2","2","2.00000","3000","0"
"2008-12-29","2.00000","2","2","2.00000","9260","0"
"2008-12-30","2.00000","2","2","2.00000","7800","0"
"2009-01-02","2.00000","2","2","2.00000","513","0"
"2009-01-07","2.00000","2","1.9","1.90000","12000","0"
"2009-01-08","1.88000","1.88","1.88","1.88000","2260","0"
"2009-01-13","1.90000","1.9","1.7","1.88000","206207","0"
"2009-01-22","1.78000","1.95","1.78","1.95000","20107","0"
"2009-01-23","2.00000","2","2","2.00000","5000","0"
"2009-02-27","2.00000","2.05","1.98","2.05000","95000","0"
"2009-03-05","1.99000","1.99","1.99","1.99000","90000","0"
"2009-03-10","1.95000","1.95","1.95","1.95000","2228","0"
"2009-03-11","1.90000","1.9","1.9","1.90000","15000","0"
"2009-03-12","1.95000","1.95","1.95","1.95000","10881","0"
"2009-03-19","1.90000","1.9","1.9","1.90000","1282","0"
"2009-03-23","1.94000","1.94","1.94","1.94000","12825","0"
"2009-04-06","1.81000","1.95","1.81","1.95000","11410","0"
"2009-04-28","1.85000","1.85","1.8","1.80000","64864","0"
"2009-04-29","1.72000","1.78","1.7","1.78000","13300","0"
"2009-04-30","1.85000","1.85","1.85","1.85000","7473","0"
"2009-05-05","1.82000","1.82","1.82","1.82000","2565","0"
"2009-05-07","1.80000","1.85","1.8","1.85000","5848","0"
"2009-05-12","1.79000","1.85","1.79","1.85000","153316","0"
"2009-05-18","1.84000","1.85","1.75","1.85000","134682","0"
"2009-05-19","1.87000","1.87","1.87","1.87000","4928","0"
"2009-05-20","1.90000","1.9","1.9","1.90000","1315","0"
"2009-05-22","1.80000","1.85","1.8","1.85000","26059","0"
"2009-05-29","1.90000","1.9","1.9","1.90000","947","0"
"2009-06-09","1.95000","1.95","1.9","1.90000","11796","0"
"2009-06-23","1.90000","1.9","1.9","1.90000","10000","0"
"2009-06-26","1.95000","1.95","1.95","1.95000","10000","0"
"2009-06-30","1.90000","1.95","1.9","1.90000","23390","0"
"2009-07-01","1.95000","1.96","1.95","1.96000","5000","0"
"2009-07-03","1.90000","1.9","1.9","1.90000","5000","0"
"2009-07-14","1.90000","1.9","1.9","1.90000","30497","0"
"2009-07-15","1.98000","1.98","1.98","1.98000","7000","0"
"2009-07-16","2.00000","2","2","2.00000","7000","0"
"2009-07-22","1.95000","2","1.95","2.00000","26805","0"
"2009-08-05","2.00000","2","2","2.00000","18650","0"
"2009-08-06","2.00000","2","2","2.00000","1350","0"
"2009-08-07","2.00000","2","2","2.00000","2544","0"
"2009-08-10","2.05000","2.05","2","2.05000","8830","0"
"2009-08-12","2.15000","2.15","2.15","2.15000","1000","0"
"2009-08-13","2.20000","2.2","2.2","2.20000","5000","0"
"2009-08-25","2.15000","2.15","2.15","2.15000","1010","0"
"2009-08-26","2.10000","2.1","2.1","2.10000","2095","0"
"2009-08-27","1.98000","1.98","1.98","1.98000","28778","0"
"2009-09-01","1.91000","1.91","1.9","1.91000","4020","0"
"2009-09-02","1.90000","1.9","1.9","1.90000","7270","0"
"2009-09-03","1.92000","1.92","1.92","1.92000","6926","0"
"2009-09-04","2.01000","2.1","2.01","2.10000","14159","0"
"2009-09-07","2.20000","2.3","2.2","2.30000","20603","0"
"2009-09-10","2.28000","2.35","2.25","2.35000","13510","0"
"2009-09-14","2.40000","2.4","2.4","2.40000","1000","0"
"2009-09-17","2.40000","2.4","2.4","2.40000","3333","0"
"2009-09-21","2.43000","2.45","2.43","2.45000","1617","0"
"2009-09-25","2.42000","2.42","2.42","2.42000","3500","0"
"2009-09-28","2.42000","2.48","2.4","2.40000","25500","0"
"2009-09-30","2.40000","2.4","2.4","2.40000","1000","0"
"2009-10-01","2.45000","2.45","2.35","2.35000","3612","0"
"2009-10-02","2.33000","2.33","2.33","2.33000","1000","0"
"2009-10-06","2.33000","2.36","2.33","2.35000","18229","0"
"2009-10-13","2.45000","2.45","2.45","2.45000","687","0"
"2009-10-14","2.40000","2.44","2.4","2.44000","3667","0"
"2009-10-15","2.44000","2.44","2.44","2.44000","966","0"
"2009-10-16","2.45000","2.55","2.45","2.46000","12952","0"
"2009-10-19","2.50000","2.5","2.5","2.50000","799","0"
"2009-10-20","2.50000","2.5","2.45","2.45000","1400","0"
"2009-10-22","2.50000","2.5","2.5","2.50000","800","0"
"2009-10-27","2.50000","2.5","2.5","2.50000","2565","0"
"2009-10-28","2.35000","2.35","2.3","2.30000","1826","0"
"2009-10-30","2.15000","2.15","2.15","2.15000","2000","0"
"2009-11-03","2.25000","2.25","2.25","2.25000","500","0"
"2009-11-04","2.30000","2.3","2.3","2.30000","2145","0"
"2009-11-11","2.40000","2.4","2.4","2.40000","540","0"
"2009-11-13","2.45000","2.45","2.45","2.45000","19281","0"
"2009-11-16","2.49000","2.49","2.49","2.49000","3000","0"
"2009-11-17","2.48000","2.48","2.48","2.48000","1000","0"
"2009-11-19","2.40000","2.4","2.39","2.40000","16000","0"
"2009-12-09","2.38000","2.38","2.38","2.38000","9979","0"
"2009-12-11","2.40000","2.45","2.4","2.45000","21315","0"
"2009-12-14","2.45000","2.45","2.45","2.45000","20352","0"
"2009-12-16","2.50000","2.6","2.5","2.55000","28065","0"
"2009-12-17","2.50000","2.55","2.5","2.50000","15325","0"
"2009-12-18","2.45000","2.5","2.45","2.50000","7600","0"
"2009-12-21","2.50000","2.5","2.5","2.50000","7400","0"
"2009-12-22","2.55000","2.55","2.5","2.55000","14000","0"
"2009-12-28","2.60000","2.6","2.55","2.55000","6000","0"
"2009-12-30","2.55000","2.55","2.55","2.55000","7000","0"
"2010-01-04","2.55000","2.59","2.55","2.56000","19108","0"
"2010-01-05","2.58000","2.58","2.58","2.58000","3598","0"
"2010-01-06","2.53000","2.53","2.53","2.53000","15201","0"
"2010-01-12","2.53000","2.53","2.45","2.45000","7000","0"
"2010-01-13","2.50000","2.55","2.5","2.55000","9500","0"
"2010-01-14","2.55000","2.6","2.55","2.60000","5471","0"
"2010-01-28","2.60000","2.65","2.6","2.65000","4121","0"
"2010-02-05","2.41000","2.41","2.41","2.41000","2565","0"
"2010-02-11","2.45000","2.45","2.45","2.45000","777","0"
"2010-02-19","2.40000","2.4","2.4","2.40000","617","0"
"2010-02-23","2.40000","2.4","2.4","2.40000","2052","0"
"2010-03-08","2.30000","2.3","2.3","2.30000","5130","0"
"2010-03-10","2.40000","2.4","2.4","2.40000","500","0"
"2010-03-11","2.55000","2.55","2.55","2.55000","3000","0"
"2010-03-12","2.55000","2.55","2.55","2.55000","27000","0"
"2010-03-15","2.55000","2.55","2.55","2.55000","21500","0"
"2010-03-16","2.60000","2.75","2.6","2.65000","6452","0"
"2010-03-17","2.70000","2.75","2.7","2.70000","3688","0"
"2010-03-22","2.80000","2.83","2.75","2.83000","6300","0"
"2010-03-23","2.79000","2.79","2.78","2.78000","3500","0"
"2010-03-25","2.78000","2.79","2.78","2.78000","3650","0"
"2010-03-26","2.78000","2.78","2.78","2.78000","1756","0"
"2010-03-31","2.75000","2.75","2.75","2.75000","1500","0"
"2010-04-05","2.80000","2.8","2.8","2.80000","1000","0"
"2010-04-06","2.80000","2.8","2.8","2.80000","2130","0"
"2010-04-07","2.80000","2.8","2.8","2.80000","1000","0"
"2010-04-08","2.82000","2.82","2.82","2.82000","1333","0"
"2010-04-12","2.85000","2.9","2.8","2.80000","3008","0"
"2010-04-13","2.75000","2.8","2.75","2.75000","11871","0"
"2010-04-15","2.75000","2.75","2.75","2.75000","28650","0"
"2010-04-19","2.75000","2.75","2.75","2.75000","500","0"
"2010-04-21","2.74000","2.75","2.74","2.75000","6500","0"
"2010-04-29","2.55000","2.6","2.55","2.60000","2139","0"
"2010-05-05","2.50000","2.5","2.5","2.50000","2000","0"
"2010-05-06","2.45000","2.45","2.4","2.40000","2500","0"
"2010-05-07","2.30000","2.3","2.3","2.30000","1130","0"
"2010-05-11","2.40000","2.4","2.4","2.40000","592","0"
"2010-05-12","2.50000","2.65","2.5","2.65000","367541","0"
"2010-05-18","2.65000","2.65","2.65","2.65000","2500","0"
"2010-05-20","2.45000","2.45","2.45","2.45000","3500","0"
"2010-05-26","2.35000","2.35","2.35","2.35000","4961","0"
"2010-05-27","2.42000","2.42","2.37","2.37000","2500","0"
"2010-05-31","2.40000","2.4","2.4","2.40000","1500","0"
"2010-06-02","2.50000","2.5","2.5","2.50000","500","0"
"2010-06-03","2.50000","2.5","2.5","2.50000","900","0"
"2010-06-04","2.40000","2.4","2.4","2.40000","1000","0"
"2010-06-08","2.42000","2.42","2.42","2.42000","1500","0"
"2010-06-09","2.35000","2.35","2.35","2.35000","9399","0"
"2010-06-15","2.50000","2.5","2.5","2.50000","492","0"
"2010-06-17","2.60000","2.6","2.55","2.55000","2502","0"
"2010-06-18","2.55000","2.55","2.55","2.55000","500","0"
"2010-06-23","2.40000","2.4","2.4","2.40000","769","0"
"2010-06-25","2.40000","2.4","2.4","2.40000","476","0"
"2010-06-28","2.40000","2.4","2.4","2.40000","1026","0"
"2010-06-29","2.50000","2.5","2.5","2.50000","3950","0"
"2010-07-02","2.45000","2.45","2.45","2.45000","7695","0"
"2010-07-12","2.40000","2.4","2.4","2.40000","2052","0"
"2010-07-16","2.40000","2.4","2.4","2.40000","25000","0"
"2010-07-19","2.40000","2.4","2.4","2.40000","1500","0"
"2010-07-20","2.40000","2.4","2.4","2.40000","5000","0"
"2010-07-21","2.40000","2.4","2.4","2.40000","1000","0"
"2010-07-22","2.40000","2.4","2.4","2.40000","3115","0"
"2010-07-23","2.40000","2.4","2.4","2.40000","16500","0"
"2010-07-26","2.40000","2.4","2.37","2.37000","48199","0"
"2010-07-27","2.37000","2.37","2.37","2.37000","1000","0"
"2010-07-28","2.37000","2.37","2.37","2.37000","5257","0"
"2010-08-03","2.35000","2.35","2.35","2.35000","169278","0"
"2010-08-04","2.45000","2.5","2.45","2.50000","3500","0"
"2010-08-10","2.50000","2.55","2.5","2.55000","21198","0"
"2010-08-12","2.54000","2.55","2.54","2.55000","5980","0"
"2010-08-13","2.50000","2.5","2.5","2.50000","10261","0"
"2010-08-17","2.50000","2.52","2.49","2.52000","100412","0"
"2010-08-18","2.55000","2.55","2.55","2.55000","7227","0"
"2010-08-19","2.55000","2.6","2.55","2.60000","41773","0"
"2010-08-20","2.60000","2.6","2.6","2.60000","2500","0"
"2010-08-23","2.60000","2.6","2.6","2.60000","2500","0"
"2010-08-27","2.45000","2.45","2.45","2.45000","8500","0"
"2010-09-03","2.45000","2.45","2.45","2.45000","831","0"
"2010-09-09","2.50000","2.5","2.5","2.50000","1205","0"
"2010-09-15","2.45000","2.45","2.43","2.43000","6295","0"
"2010-09-28","2.45000","2.45","2.45","2.45000","11286","0"
"2010-10-07","2.47000","2.47","2.47","2.47000","1000","0"
"2010-10-13","2.50000","2.5","2.5","2.50000","6500","0"
"2010-10-14","2.48000","2.48","2.48","2.48000","5060","0"
"2010-10-15","2.55000","2.55","2.55","2.55000","10606","0"
"2010-10-19","2.50000","2.5","2.45","2.45000","2894","0"
"2010-10-20","2.50000","2.5","2.5","2.50000","6106","0"
"2010-10-22","2.59000","2.75","2.59","2.75000","11000","0"
"2010-10-25","2.77000","2.77","2.77","2.77000","3000","0"
"2010-10-26","2.83000","2.88","2.8","2.87000","24600","0"
"2010-10-28","2.92000","2.92","2.87","2.92000","27200","0"
"2010-10-29","2.95000","2.95","2.95","2.95000","4000","0"
"2010-11-01","2.95000","3.05","2.95","3.00000","27630","0"
"2010-11-02","3.08000","3.1","2.9","3.10000","13827","0"
"2010-11-03","3.10000","3.15","3.1","3.15000","3000","0"
"2010-11-04","3.20000","3.21","3.2","3.21000","16823","0"
"2010-11-05","3.21000","3.21","3.21","3.21000","1000","0"
"2010-11-08","3.22000","3.22","3.21","3.21000","3000","0"
"2010-11-11","3.21000","3.21","3.21","3.21000","934","0"
"2010-11-12","3.21000","3.21","3.21","3.21000","10000","0"
"2010-11-16","3.00000","3","2.91","3.00000","12516","0"
"2010-11-17","3.00000","3","3","3.00000","8350","0"
"2010-11-18","3.05000","3.05","3.05","3.05000","1050","0"
"2010-11-19","3.05000","3.05","3.05","3.05000","4400","0"
"2010-11-24","3.05000","3.05","3","3.00000","2052","0"
"2010-11-26","3.01000","3.01","3.01","3.01000","10000","0"
"2010-12-02","3.00000","3","3","3.00000","1963","0"
"2010-12-03","3.00000","3","3","3.00000","6014","0"
"2010-12-09","2.95000","3","2.95","3.00000","14566","0"
"2010-12-10","3.20000","3.2","3.2","3.20000","1233","0"
"2010-12-22","3.15000","3.15","3.1","3.10000","4592","0"
"2010-12-23","3.00000","3","3","3.00000","8334","0"
"2010-12-27","3.00000","3","3","3.00000","2269","0"
"2010-12-28","3.12000","3.12","3.1","3.10000","11400","0"
"2010-12-30","3.10000","3.1","3.1","3.10000","3000","0"
"2011-01-03","3.10000","3.1","3.1","3.10000","1200","0"
"2011-01-04","3.20000","3.2","3.2","3.20000","5000","0"
"2011-01-05","3.20000","3.2","3.2","3.20000","6338","0"
"2011-01-06","3.20000","3.3","3.2","3.30000","8909","0"
"2011-01-07","3.25000","3.4","3.2","3.30000","11150","0"
"2011-01-11","3.40000","3.4","3.4","3.40000","928","0"
"2011-01-12","3.40000","3.41","3.4","3.40000","24647","0"
"2011-01-17","3.40000","3.4","3.4","3.40000","558","0"
"2011-01-18","3.50000","3.5","3.45","3.45000","1865","0"
"2011-01-20","3.35000","3.35","3.35","3.35000","10260","0"
"2011-01-21","3.35000","3.4","3.35","3.35000","12200","0"
"2011-01-24","3.35000","3.5","3.35","3.50000","47453","0"
"2011-01-25","3.50000","3.5","3.4","3.40000","7441","0"
"2011-01-26","3.48000","3.5","3.45","3.50000","17000","0"
"2011-01-27","3.50000","3.5","3.5","3.50000","11739","0"
"2011-01-31","3.50000","3.5","3.5","3.50000","6835","0"
"2011-02-17","3.40000","3.4","3.3","3.40000","22516","0"
"2011-02-18","3.40000","3.4","3.4","3.40000","22000","0"
"2011-03-01","3.10000","3.1","3.1","3.10000","5000","0"
"2011-03-02","3.10000","3.15","3.1","3.10000","11587","0"
"2011-03-03","3.10000","3.1","3.1","3.10000","5000","0"
"2011-03-04","3.10000","3.1","3.1","3.10000","500","0"
"2011-03-11","3.30000","3.3","3.3","3.30000","1000","0"
"2011-03-29","3.21000","3.21","3.2","3.20000","800000","0"
"2011-03-30","3.10000","3.1","3.1","3.10000","2152","0"
"2011-03-31","3.30000","3.3","3.3","3.30000","1000","0"
"2011-04-04","3.40000","3.4","3.4","3.40000","5806","0"
"2011-04-05","3.40000","3.5","3.4","3.50000","732652","0"
"2011-04-07","3.40000","3.4","3.4","3.40000","1789","0"
"2011-04-08","3.40000","3.4","3.4","3.40000","3561","0"
"2011-04-13","3.35000","3.35","3.35","3.35000","1094","0"
"2011-04-14","3.30000","3.3","3.3","3.30000","2052","0"
"2011-04-19","3.20000","3.2","3.2","3.20000","31550","0"
"2011-04-20","3.20000","3.3","3.2","3.30000","3748","0"
"2011-04-26","3.20000","3.2","3.2","3.20000","1778","0"
"2011-04-27","3.20000","3.2","3.2","3.20000","637","0"
"2011-04-28","3.20000","3.21","3.2","3.20000","19183","0"
"2011-05-04","3.10000","3.1","3.1","3.10000","5000","0"
"2011-05-05","3.00000","3.2","3","3.20000","9649","0"
"2011-05-09","3.10000","3.1","3.1","3.10000","938","0"
"2011-05-24","2.90000","3","2.9","3.00000","88800","0"
"2011-05-27","3.00000","3","3","3.00000","11514","0"
"2011-05-30","3.03000","3.03","3.03","3.03000","1060","0"
"2011-06-24","3.00000","3","3","3.00000","1620","0"
"2011-06-28","2.85000","2.85","2.85","2.85000","9500","0"
"2011-07-18","2.90000","2.9","2.9","2.90000","5752","0"
"2011-07-25","2.90000","3","2.9","3.00000","45669","0"
"2011-07-26","3.05000","3.05","3.05","3.05000","970","0"
"2011-08-08","2.60000","2.6","2.6","2.60000","8909","0"
"2011-08-15","2.90000","2.9","2.9","2.90000","10000","0"
"2011-08-16","2.90000","2.9","2.9","2.90000","10000","0"
"2011-08-18","2.90000","2.9","2.9","2.90000","19374","0"
"2011-08-19","2.90000","2.9","2.9","2.90000","46439","0"
"2011-08-24","2.90000","2.9","2.9","2.90000","9896","0"
"2011-10-04","2.62000","2.62","2.62","2.62000","17156","0"
"2011-10-06","2.70000","2.7","2.62","2.65000","4789","0"
"2011-10-11","2.65000","2.65","2.65","2.65000","2091","0"
"2011-10-12","2.65000","2.65","2.65","2.65000","2559","0"
"2011-10-13","2.70000","2.7","2.65","2.65000","6860","0"
"2011-10-18","2.62000","2.62","2.62","2.62000","770","0"
"2011-10-27","2.75000","2.75","2.75","2.75000","18660","0"
"2011-11-09","2.65000","2.65","2.65","2.65000","2559","0"
"2011-11-11","2.65000","2.65","2.65","2.65000","1436","0"
"2011-11-15","2.65000","2.65","2.65","2.65000","895","0"
"2011-11-16","2.65000","2.65","2.65","2.65000","10111","0"
"2012-01-31","2.60000","2.6","2.6","2.60000","7870","0"
"2012-02-01","2.65000","2.65","2.6","2.60000","16300","0"
"2012-02-03","2.60000","2.6","2.6","2.60000","2000","0"
"2012-02-22","2.60000","2.6","2.6","2.60000","1068","0"
"2012-03-02","2.60000","2.6","2.6","2.60000","509000","0"
"2012-05-28","2.60000","2.6","2.6","2.60000","775","0"
"2012-05-29","2.65000","2.65","2.62","2.62000","5500","0"
"2012-06-07","2.62000","2.62","2.62","2.62000","1000","0"
"2012-06-14","2.65000","2.65","2.65","2.65000","1204","0"
"2012-06-19","2.65000","2.65","2.65","2.65000","2996","0"
"2012-07-02","2.65000","2.65","2.65","2.65000","1000","0"
"2012-07-04","2.65000","2.65","2.65","2.65000","1555","0"
"2012-07-05","2.60000","2.6","2.6","2.60000","1000","0"
"2012-07-16","2.65000","2.65","2.65","2.65000","3445","0"
"2012-07-26","2.50000","2.5","2.5","2.50000","1500","0"
"2012-08-29","2.62000","2.62","2.62","2.62000","3000","0"
"2012-08-31","2.62000","2.62","2.62","2.62000","4002","0"
"2012-09-17","2.63000","2.63","2.63","2.63000","2270","0"
"2012-09-25","2.63000","2.63","2.63","2.63000","730","0"
"2012-10-01","2.50000","2.5","2.5","2.50000","4400","0"
"2012-10-10","2.50000","2.5","2.5","2.50000","1600","0"
"2012-10-26","2.50000","2.5","2.5","2.50000","20450","0"
"2012-11-22","2.20000","2.2","2.2","2.20000","4000","0"
"2013-01-03","2.85000","2.85","2.85","2.85000","3111","0"
"2013-01-07","2.90000","2.9","2.9","2.90000","4539","0"
"2013-01-08","2.93000","2.93","2.9","2.90000","6173","0"
"2013-01-09","2.90000","2.9","2.9","2.90000","3000","0"
"2013-02-04","2.81000","2.81","2.81","2.81000","534","0"
"2013-02-05","2.81000","2.81","2.81","2.81000","3466","0"
"2013-03-13","2.85000","2.85","2.85","2.85000","3000","0"
"2013-03-20","2.95000","2.95","2.95","2.95000","2827","0"
"2013-03-21","3.10000","3.1","3.1","3.10000","4000","0"
"2013-04-05","3.10000","3.1","3.1","3.10000","8294","0"
"2013-04-09","3.10000","3.1","3.1","3.10000","693","0"
"2013-04-12","3.10000","3.2","3.1","3.20000","9900","0"
"2013-04-16","3.20000","3.2","3.2","3.20000","2500","0"
"2013-04-22","3.22000","3.22","3.22","3.22000","1826","0"
"2013-04-23","3.30000","3.3","3.3","3.30000","1173","0"
"2013-04-24","3.30000","3.3","3.3","3.30000","2520","0"
"2013-04-25","3.30000","3.35","3.3","3.35000","9000","0"
"2013-04-26","3.39000","3.45","3.39","3.45000","9020","0"
"2013-04-29","3.65000","3.65","3.45","3.45000","975","0"
"2013-05-02","3.70000","3.78","3.7","3.78000","5174","0"
"2013-05-07","3.76000","3.76","3.76","3.76000","667","0"
"2013-05-09","3.80000","3.82","3.8","3.82000","3700","0"
"2013-05-10","3.80000","4.2","3.8","4.20000","4900","0"
"2013-05-13","4.30000","4.35","4.2","4.20000","8535","0"
"2013-05-14","4.20000","4.2","4.2","4.20000","3000","0"
"2013-05-15","4.00000","4","4","4.00000","1250","0"
"2013-05-16","4.00000","4.2","4","4.20000","5258","0"
"2013-05-21","4.10000","4.1","4.1","4.10000","1280","0"
"2013-05-23","4.00000","4","3.9","3.90000","2896","0"
"2013-05-28","3.90000","3.9","3.9","3.90000","4222","0"
"2013-05-29","4.00000","4","4","4.00000","850","0"
"2013-05-30","4.00000","4","4","4.00000","1000","0"
"2013-05-31","4.00000","4","4","4.00000","2500","0"
"2013-06-04","3.90000","3.9","3.9","3.90000","1000","0"
"2013-06-17","3.70000","3.7","3.7","3.70000","2700","0"
"2013-06-18","3.60000","3.6","3.6","3.60000","3000","0"
"2013-07-03","3.85000","3.9","3.85","3.90000","6749","0"
"2013-07-11","3.90000","3.9","3.9","3.90000","1539","0"
"2013-07-12","4.10000","4.1","4.1","4.10000","3000","0"
"2013-07-16","4.30000","4.3","4.3","4.30000","5500","0"
"2013-07-17","4.30000","4.3","4.3","4.30000","3500","0"
"2013-07-19","4.30000","4.3","4.3","4.30000","2500","0"
"2013-07-22","4.30000","4.3","4.3","4.30000","2500","0"
"2013-07-23","4.30000","4.3","4.25","4.30000","6000","0"
"2013-07-25","4.32000","4.32","4.32","4.32000","1000","0"
"2013-07-26","4.32000","4.32","4.32","4.32000","2500","0"
"2013-07-29","4.32000","4.32","4.32","4.32000","2000","0"
"2013-07-31","4.35000","4.35","4.35","4.35000","1000","0"
"2013-08-02","4.65000","4.65","4.65","4.65000","1000","0"
"2013-08-06","4.65000","4.65","4.65","4.65000","19000","0"
"2013-08-07","4.77000","4.88","4.77","4.88000","1310","0"
"2013-08-08","4.88000","4.88","4.88","4.88000","404","0"
"2013-08-09","4.95000","4.95","4.95","4.95000","1700","0"
"2013-08-12","4.90000","4.9","4.9","4.90000","800","0"
"2013-08-13","5.00000","5","5","5.00000","3534","0"
"2013-08-14","5.00000","5","5","5.00000","8369","0"
"2013-08-15","5.10000","5.1","5.1","5.10000","5000","0"
"2013-08-16","5.30000","5.3","5.3","5.30000","1000","0"
"2013-08-20","5.40000","5.5","5.4","5.50000","5010","0"
"2013-08-21","5.60000","6","5.6","6.00000","9674","0"
"2013-08-22","5.90000","6","5.9","6.00000","7649","0"
"2013-08-23","6.10000","6.2","6.1","6.20000","12421","0"
"2013-08-27","6.20000","6.2","6.2","6.20000","1668","0"
"2013-08-28","6.25000","6.25","6.25","6.25000","600","0"
"2013-08-30","6.25000","6.25","6.25","6.25000","1000","0"
"2013-09-02","6.40000","6.4","6.4","6.40000","1000","0"
"2013-09-04","6.35000","6.35","6.35","6.35000","900","0"
"2013-09-05","6.35000","6.8","6.35","6.80000","10523","0"
"2013-09-06","6.80000","6.8","6.8","6.80000","161","0"
"2013-09-09","6.70000","6.7","6.7","6.70000","1565","0"
"2013-09-10","7.00000","7","7","7.00000","500","0"
"2013-09-11","6.85000","6.85","6.85","6.85000","1000","0"
"2013-09-12","6.90000","6.9","6.85","6.85000","1200","0"
"2013-09-16","7.00000","7.3","7","7.30000","10600","0"
"2013-09-17","7.25000","7.25","7.25","7.25000","500","0"
"2013-09-18","7.20000","7.2","7.2","7.20000","500","0"
"2013-09-19","7.10000","7.1","7.1","7.10000","1630","0"
"2013-09-20","7.10000","7.1","7","7.00000","3500","0"
"2013-09-23","7.15000","7.15","7","7.00000","1071","0"
"2013-09-24","7.20000","7.25","7.2","7.25000","1933","0"
"2013-09-25","7.30000","7.3","7.3","7.30000","1000","0"
"2013-09-26","7.30000","7.3","7.3","7.30000","2050","0"
"2013-10-02","7.30000","7.3","7.3","7.30000","4670","0"
"2013-10-04","7.30000","7.3","7.3","7.30000","700","0"
"2013-10-10","6.75000","6.9","6.75","6.90000","1768","0"
"2013-10-11","6.95000","6.95","6.95","6.95000","410","0"
"2013-10-15","7.05000","7.05","7","7.00000","3078","0"
"2013-10-16","7.00000","7","6.85","6.85000","1596","0"
"2013-10-18","6.85000","6.85","6.85","6.85000","1290","0"
"2013-10-22","7.20000","7.3","7.2","7.30000","10736","0"
"2013-10-24","7.30000","7.3","7.3","7.30000","1328","0"
"2013-11-04","7.30000","7.3","7.3","7.30000","270","0"
"2013-11-11","7.05000","7.24","7.05","7.24000","1778","0"
"2013-11-12","7.25000","7.6","7.25","7.40000","10015","0"
"2013-11-14","7.40000","7.4","7.4","7.40000","741","0"
"2013-11-18","7.43000","7.43","7.43","7.43000","992","0"
"2013-11-21","7.45000","7.45","7.45","7.45000","500","0"
"2013-11-27","7.50000","7.55","7.4","7.40000","3710","0"
"2013-12-03","7.00000","7","7","7.00000","1000","0"
"2013-12-09","6.80000","6.8","6.8","6.80000","5806","0"
"2013-12-13","6.70000","6.7","6.6","6.60000","1200","0"
"2013-12-16","6.65000","6.65","6.65","6.65000","192","0"
"2013-12-18","6.65000","6.65","6.65","6.65000","270","0"
"2014-01-17","7.05000","7.05","7.05","7.05000","2380","0"
"2014-01-21","7.50000","7.5","7.5","7.50000","3000","0"
"2014-01-22","7.12000","7.12","7.12","7.12000","2614","0"
"2014-01-23","7.50000","7.7","7.5","7.70000","4395","0"
"2014-01-24","7.50000","7.8","7.5","7.80000","5000","0"
"2014-01-27","8.00000","8.3","7.9","8.30000","9275","0"
"2014-01-28","8.30000","8.3","8.3","8.30000","2490","0"
"2014-01-29","8.30000","8.3","8.3","8.30000","1718","0"
"2014-01-30","8.50000","8.5","8.5","8.50000","1279","0"
"2014-02-03","8.50000","8.5","8.5","8.50000","481","0"
"2014-02-04","8.50000","8.52","8.5","8.52000","3395","0"
"2014-02-06","8.47000","8.47","8","8.15000","11130","0"
"2014-02-10","8.00000","8","8","8.00000","1469","0"
"2014-02-11","8.00000","8","8","8.00000","735","0"
"2014-02-13","8.50000","8.5","8.5","8.50000","575","0"
"2014-02-14","8.50000","8.5","8.5","8.50000","4122","0"
"2014-02-21","8.50000","8.5","8.5","8.50000","3848","0"
"2014-02-24","8.80000","8.8","8.8","8.80000","1200","0"
"2014-02-25","8.80000","9","8.8","9.00000","6884","0"
"2014-02-26","9.00000","9.5","9","9.50000","8000","0"
"2014-02-27","9.50000","9.8","9.5","9.80000","3000","0"
"2014-02-28","10.00000","10.2","10","10.20000","4510","0"
"2014-03-05","10.20000","10.2","10.2","10.20000","2060","0"
"2014-03-06","10.20000","10.35","10.2","10.35000","880","0"
"2014-03-07","10.35000","10.35","10.35","10.35000","9372","0"
"2014-03-10","10.40000","10.5","10.4","10.50000","2000","0"
"2014-03-11","10.70000","12.05","10.7","12.00000","37237","0"
"2014-03-12","12.00000","12.8","12","12.80000","5034","0"
"2014-03-13","12.70000","12.8","12.5","12.80000","5468","0"
"2014-03-14","12.50000","12.5","12","12.10000","2785","0"
"2014-03-17","11.50000","11.75","11.5","11.65000","11390","0"
"2014-03-18","11.60000","12","11.5","11.50000","6047","0"
"2014-03-19","11.50000","11.5","11.5","11.50000","980","0"
"2014-03-21","11.20000","11.5","11.2","11.50000","2640","0"
"2014-03-25","12.00000","12.5","12","12.50000","5410","0"
"2014-03-26","12.80000","12.85","12.8","12.85000","7830","0"
"2014-03-27","13.00000","13.5","13","13.00000","7691","0"
"2014-03-28","13.00000","13","13","13.00000","8153","0"
"2014-03-31","13.10000","13.1","12.7","13.00000","8414","0"
"2014-04-01","13.00000","13.5","13","13.50000","2286","0"
"2014-04-03","13.00000","13.5","13","13.50000","3348","0"
"2014-04-04","12.50000","12.5","12.5","12.50000","150","0"
"2014-04-07","12.50000","12.5","12","12.00000","4979","0"
"2014-04-08","12.00000","12","12","12.00000","4855","0"
"2014-04-10","11.50000","11.5","11.2","11.50000","4410","0"
"2014-04-11","11.40000","11.4","10.95","11.00000","4561","0"
"2014-04-14","11.00000","11","11","11.00000","3775","0"
"2014-04-15","11.00000","11","10.8","10.80000","1617","0"
"2014-04-16","10.80000","10.8","10.65","10.65000","5711","0"
"2014-04-21","10.50000","10.6","10.5","10.55000","11001","0"
"2014-04-23","10.35000","10.7","10.35","10.60000","28570","0"
"2014-04-24","10.60000","11.2","10.6","11.20000","38253","0"
"2014-04-25","11.20000","11.2","11.2","11.20000","1224","0"
"2014-04-28","11.25000","11.25","11.25","11.25000","1000","0"
"2014-04-29","11.25000","11.25","11.25","11.25000","8487","0"
"2014-04-30","11.25000","11.25","10.8","11.20000","4480","0"
"2014-05-05","12.00000","12.3","12","12.30000","1070","0"
"2014-05-06","12.75000","13.5","12.75","13.50000","6041","0"
"2014-05-07","14.00000","14.5","14","14.25000","12540","0"
"2014-05-08","14.50000","14.5","13","13.50000","6328","0"
"2014-05-09","13.50000","13.5","13","13.00000","1137","0"
"2014-05-12","13.80000","13.8","13","13.50000","17355","0"
"2014-05-13","13.50000","14","13.5","13.90000","13527","0"
"2014-05-14","14.00000","14","14","14.00000","6880","0"
"2014-05-15","14.00000","14","13.9","13.90000","6639","0"
"2014-05-16","14.00000","14","12.6","12.60000","5345","0"
"2014-05-19","12.60000","13.2","12.6","13.00000","25792","0"
"2014-05-20","12.95000","13.5","12.95","13.40000","2995","0"
"2014-05-21","13.00000","13","12.25","12.95000","4962","0"
"2014-05-22","12.95000","13","12.8","12.95000","4184","0"
"2014-05-23","12.95000","12.95","12.95","12.95000","1200","0"
"2014-05-26","12.95000","12.95","12.35","12.60000","16114","0"
"2014-05-27","12.50000","12.55","12.4","12.40000","8962","0"
"2014-05-28","12.40000","12.8","12.4","12.80000","8330","0"
"2014-05-29","12.90000","12.9","12.8","12.90000","1879","0"
"2014-05-30","12.85000","12.85","12","12.25000","7344","0"
"2014-06-02","12.40000","12.4","12","12.40000","17019","0"
"2014-06-03","12.40000","12.5","12.4","12.50000","8000","0"
"2014-06-04","12.75000","12.75","12.5","12.50000","1574","0"
"2014-06-05","12.55000","12.8","12.55","12.60000","12067","0"
"2014-06-06","12.70000","12.7","12.6","12.60000","6851","0"
"2014-06-09","12.90000","13","12.5","12.60000","9127","0"
"2014-06-10","12.60000","12.7","12.4","12.40000","11756","0"
"2014-06-11","12.20000","12.3","12","12.10000","6858","0"
"2014-06-12","12.30000","12.7","12.3","12.45000","3997","0"
"2014-06-13","12.50000","12.8","12.5","12.80000","1250","0"
"2014-06-16","12.10000","12.1","10.9","10.90000","8220","0"
"2014-06-17","10.40000","11.5","10.4","11.20000","7388","0"
"2014-06-18","11.20000","11.6","11","11.60000","3562","0"
"2014-06-19","11.50000","11.5","11","11.50000","6482","0"
"2014-06-23","11.70000","12","11.6","11.80000","11901","0"
"2014-06-24","11.60000","11.6","11.6","11.60000","431","0"
"2014-06-25","11.60000","11.6","11.5","11.50000","3293","0"
"2014-06-26","11.40000","11.5","11","11.00000","3288","0"
"2014-06-27","11.00000","11","10.5","10.50000","11986","0"
"2014-06-30","11.00000","11","11","11.00000","2744","0"
"2014-07-01","11.50000","11.5","11.5","11.50000","6010","0"
"2014-07-02","11.50000","11.5","11.5","11.50000","2990","0"
"2014-07-03","11.70000","11.7","11.7","11.70000","511","0"
"2014-07-04","12.20000","12.2","11.75","11.75000","13408","0"
"2014-07-07","11.75000","12","11.75","11.80000","39395","0"
"2014-07-08","12.00000","12.15","12","12.15000","4154","0"
"2014-07-10","12.05000","12.2","12","12.20000","2296","0"
"2014-07-11","12.20000","12.5","12.2","12.50000","26600","0"
"2014-07-14","12.40000","12.45","12.2","12.20000","10699","0"
"2014-07-15","12.20000","12.3","12","12.30000","67953","0"
"2014-07-16","12.20000","12.25","12.1","12.25000","33446","0"
"2014-07-17","12.15000","12.2","12.05","12.20000","10603","0"
"2014-07-18","12.40000","12.65","12.4","12.55000","19667","0"
"2014-07-21","12.50000","12.5","11.9","12.00000","29510","0"
"2014-07-22","12.00000","12","11.85","12.00000","8350","0"
"2014-07-23","12.00000","12","12","12.00000","27338","0"
"2014-07-24","12.20000","12.2","12.2","12.20000","1940","0"
"2014-07-25","12.00000","12","11.8","11.80000","17768","0"
"2014-07-28","11.60000","11.6","11.6","11.60000","6358","0"
"2014-07-29","11.70000","12","11.7","12.00000","3000","0"
"2014-07-30","12.20000","12.6","12.2","12.60000","21035","0"
"2014-07-31","12.00000","12.25","11.8","12.00000","24722","0"
"2014-08-01","11.80000","11.8","11.8","11.80000","9958","0"
"2014-08-04","11.80000","11.8","11.6","11.80000","26999","0"
"2014-08-05","11.85000","11.85","11.5","11.50000","36000","0"
"2014-08-06","11.60000","11.6","11.55","11.55000","33000","0"
"2014-08-07","11.70000","11.8","11.7","11.80000","7396","0"
"2014-08-08","11.80000","12","11.8","12.00000","3180","0"
"2014-08-11","12.00000","12.5","11.8","12.50000","21240","0"
"2014-08-12","12.55000","13","12.55","12.90000","21799","0"
"2014-08-13","13.00000","13.7","13","13.25000","29464","0"
"2014-08-14","13.20000","13.3","13.1","13.20000","14255","0"
"2014-08-15","13.20000","13.75","13.2","13.50000","36030","0"
"2014-08-19","13.80000","14.7","13.8","14.70000","34563","0"
"2014-08-20","15.10000","16.15","15.1","16.00000","25568","0"
"2014-08-21","16.20000","17","16","17.00000","39396","0"
"2014-08-22","17.00000","17.8","17","17.60000","11061","0"
"2014-08-25","18.00000","18","17.6","17.60000","8894","0"
"2014-08-26","17.60000","17.6","16.85","17.00000","5601","0"
"2014-08-27","17.15000","18","17.15","17.50000","14208","0"
"2014-08-28","17.30000","18","17","17.90000","14394","0"
"2014-08-29","18.00000","18","17","17.00000","2984","0"
"2014-09-01","17.00000","18","17","17.90000","22555","0"
"2014-09-02","18.00000","18.5","17.9","18.20000","45217","0"
"2014-09-03","18.50000","18.7","17.8","18.00000","35168","0"
"2014-09-04","18.00000","18","17.3","17.30000","34435","0"
"2014-09-05","17.45000","17.9","17.45","17.55000","10830","0"
"2014-09-08","17.80000","18.6","17.8","18.60000","33952","0"
"2014-09-09","18.65000","19","18.65","19.00000","9351","0"
"2014-09-10","19.10000","19.3","19","19.00000","1438","0"
"2014-09-11","19.00000","19.2","19","19.20000","12986","0"
"2014-09-12","19.00000","19.2","18.85","19.10000","7495","0"
"2014-09-15","19.10000","19.5","19","19.00000","46574","0"
"2014-09-16","19.00000","19.5","19","19.50000","17371","0"
"2014-09-17","19.50000","19.5","19.4","19.45000","2356","0"
"2014-09-18","19.20000","19.45","19","19.00000","20143","0"
"2014-09-19","19.00000","19","19","19.00000","3000","0"
"2014-09-22","18.90000","20","18.9","20.00000","32592","0"
"2014-09-23","20.00000","20.5","19.8","19.80000","31860","0"
"2014-09-24","19.70000","20","18.8","19.00000","5570","0"
"2014-09-25","19.20000","19.2","18.8","19.00000","12680","0"
"2014-09-26","19.40000","21.5","19.4","21.00000","25044","0"
"2014-09-29","21.50000","21.5","20.5","21.00000","9091","0"
"2014-09-30","21.00000","21.5","20","20.80000","4432","0"
"2014-10-01","20.80000","20.8","18.8","18.80000","19213","0"
"2014-10-02","17.50000","18.8","17.2","18.00000","10122","0"
"2014-10-03","19.30000","19.3","19.3","19.30000","300","0"
"2014-10-06","20.50000","20.9","20","20.00000","2481","0"
"2014-10-07","20.00000","20.5","19.5","19.90000","3979","0"
"2014-10-08","21.00000","21.5","20","21.05000","15420","0"
"2014-10-09","21.15000","21.15","19.5","20.00000","7150","0"
"2014-10-10","20.00000","21.15","20","21.00000","6286","0"
"2014-10-14","21.50000","22","21.1","21.75000","21683","0"
"2014-10-15","21.75000","21.75","20.5","20.50000","5204","0"
"2014-10-16","20.50000","21.5","20.5","21.50000","7049","0"
"2014-10-17","21.75000","23","21.75","23.00000","12952","0"
"2014-10-20","24.00000","26","24","25.50000","9853","0"
"2014-10-21","27.50000","27.5","25.3","27.00000","4523","0"
"2014-10-22","27.00000","27","26.5","26.50000","1051","0"
"2014-10-23","26.00000","26.5","26","26.50000","351","0"
"2014-10-24","26.00000","26","25","26.00000","2900","0"
"2014-10-27","26.00000","26","25","25.00000","849","0"
"2014-10-28","25.00000","25","25","25.00000","250","0"
"2014-10-29","24.50000","24.5","24","24.00000","1040","0"
"2014-10-30","23.50000","23.5","23","23.40000","3682","0"
"2014-10-31","23.50000","24.5","23.5","24.50000","6087","0"
"2014-11-03","24.00000","24","23.1","24.00000","3541","0"
"2014-11-04","24.00000","24","23.5","23.50000","2142","0"
"2014-11-05","23.20000","23.5","23","23.50000","11942","0"
"2014-11-07","23.00000","24.5","23","24.50000","19402","0"
"2014-11-10","24.50000","24.5","24.3","24.50000","146481","0"
"2014-11-11","24.40000","24.4","24.4","24.40000","600","0"
"2014-11-12","24.00000","24.1","24","24.00000","1386","0"
"2014-11-13","23.50000","24.2","23.5","24.00000","31542","0"
"2014-11-14","24.30000","24.3","22.7","23.50000","7094","0"
"2014-11-17","23.00000","23","23","23.00000","623","0"
"2014-11-18","23.10000","23.25","23","23.00000","2288","0"
"2014-11-19","23.25000","23.5","23.25","23.50000","2750","0"
"2014-11-20","23.40000","23.4","23.4","23.40000","200","0"
"2014-11-21","23.30000","23.45","23","23.00000","2274","0"
"2014-11-25","22.50000","23.8","22.5","23.80000","40825","0"
"2014-11-26","23.80000","23.9","23.8","23.90000","1843","0"
"2014-11-27","24.00000","24","23.8","23.80000","779","0"
"2014-11-28","23.00000","23.4","23","23.40000","697","0"
"2014-12-01","23.50000","23.5","22","23.00000","13340","0"
"2014-12-02","23.30000","23.3","23.3","23.30000","200","0"
"2014-12-03","23.30000","23.3","23.3","23.30000","70","0"
"2014-12-09","22.00000","22","22","22.00000","3030","0"
"2014-12-10","22.20000","22.5","21.8","21.80000","32531","0"
"2014-12-11","21.50000","21.7","21.5","21.50000","2324","0"
"2014-12-12","21.50000","21.5","21","21.50000","2093","0"
"2014-12-15","22.00000","22","20","20.10000","27869","0"
"2014-12-16","19.50000","20.5","19.5","20.50000","1985","0"
"2014-12-17","20.80000","22","20.3","20.30000","4609","0"
"2014-12-18","21.00000","21","20","20.00000","1660","0"
"2014-12-19","21.00000","21.5","20","21.50000","2085","0"
"2014-12-22","21.50000","21.5","21.5","21.50000","100","0"
"2014-12-23","21.00000","21.45","21","21.45000","400","0"
"2014-12-29","22.00000","22","21.45","21.45000","320","0"
"2014-12-30","21.50000","22","21.5","22.00000","580","0"
"2015-01-05","21.00000","21","20.5","20.50000","1374","0"
"2015-01-06","20.60000","21.5","20.6","21.00000","484","0"
"2015-01-07","22.20000","22.2","21.5","21.90000","800","0"
"2015-01-08","21.90000","21.9","21.9","21.90000","100","0"
"2015-01-09","22.00000","22","21.8","22.00000","1017","0"
"2015-01-12","22.50000","22.5","21.5","21.50000","1297","0"
"2015-01-13","21.60000","21.6","21.4","21.40000","3900","0"
"2015-01-14","21.50000","22","21.4","21.70000","1000","0"
"2015-01-15","22.00000","22.55","22","22.50000","6797","0"
"2015-01-16","22.90000","22.9","22.25","22.25000","1100","0"
"2015-01-19","22.50000","22.75","22.5","22.75000","847","0"
"2015-01-20","23.25000","23.25","23","23.25000","2138","0"
"2015-01-21","23.00000","23.25","23","23.25000","545","0"
"2015-01-23","23.25000","24","23.25","24.00000","3664","0"
"2015-01-26","24.50000","26.4","24.5","25.00000","6526","0"
"2015-01-27","25.00000","25","25","25.00000","1303","0"
"2015-01-28","25.00000","26","24.75","26.00000","2116","0"
"2015-01-29","26.00000","26.5","26","26.50000","1407","0"
"2015-01-30","27.00000","27","26.5","27.00000","6249","0"
"2015-02-02","26.00000","26.5","26","26.50000","1747","0"
"2015-02-03","26.50000","26.5","26.5","26.50000","913","0"
"2015-02-04","27.00000","27","25","25.00000","378","0"
"2015-02-05","25.00000","26","25","25.50000","3850","0"
"2015-02-06","26.00000","26","25","25.00000","1650","0"
"2015-02-09","25.00000","25.9","24.5","25.90000","2341","0"
"2015-02-10","26.00000","26.5","26","26.50000","938","0"
"2015-02-11","26.00000","26.5","26","26.10000","1880","0"
"2015-02-12","26.10000","26.1","26","26.10000","1669","0"
"2015-02-13","26.50000","26.5","25.9","26.50000","2618","0"
"2015-02-18","27.00000","27","26.65","26.65000","1760","0"
"2015-02-19","27.00000","28","27","27.60000","12938","0"
"2015-02-20","28.00000","28.4","27.75","28.00000","22163","0"
"2015-02-23","28.55000","28.55","28","28.25000","16971","0"
"2015-02-24","29.00000","29","28.5","28.95000","1724","0"
"2015-02-25","29.00000","29","28","29.00000","4995","0"
"2015-02-26","29.50000","29.5","28","28.50000","2680","0"
"2015-02-27","28.50000","28.5","28.5","28.50000","711","0"
"2015-03-02","29.00000","29","28.6","28.90000","4967","0"
"2015-03-03","29.00000","29.1","29","29.00000","446","0"
"2015-03-04","29.50000","29.5","29","29.00000","1958","0"
"2015-03-05","28.50000","29","28.5","28.70000","2294","0"
"2015-03-06","28.80000","29","27.5","28.00000","8278","0"
"2015-03-09","28.20000","28.2","27.2","27.75000","5086","0"
"2015-03-10","27.50000","28","26.75","27.40000","15623","0"
"2015-03-11","27.40000","27.5","27.3","27.30000","30301","0"
"2015-03-12","27.30000","27.3","26.5","27.00000","9312","0"
"2015-03-13","26.90000","27","26.5","26.70000","7458","0"
"2015-03-16","26.00000","27.2","26","27.20000","28016","0"
"2015-03-17","27.50000","27.5","26.15","27.30000","71745","0"
"2015-03-18","27.30000","27.45","27","27.30000","6782","0"
"2015-03-19","27.50000","27.5","26","26.25000","53986","0"
"2015-03-20","26.35000","26.5","25.9","26.00000","5473","0"
"2015-03-25","26.00000","26.5","25.5","26.00000","29256","0"
"2015-03-26","26.00000","26","24.75","24.80000","9736","0"
"2015-03-27","24.00000","25","24","25.00000","10474","0"
"2015-03-30","26.00000","26.5","25.75","26.00000","17139","0"
"2015-03-31","26.15000","26.25","25.8","25.80000","4306","0"
"2015-04-01","25.85000","26.25","25.85","26.25000","10361","0"
"2015-04-06","27.00000","27","25.5","26.00000","13392","0"
"2015-04-07","25.95000","25.95","25","25.20000","7782","0"
"2015-04-08","25.00000","25.1","24.5","25.00000","6291","0"
"2015-04-09","25.50000","25.95","25.5","25.95000","952","0"
"2015-04-10","25.90000","25.95","25.8","25.90000","1464","0"
"2015-04-13","25.90000","25.9","25.5","25.70000","2593","0"
"2015-04-14","25.70000","25.7","24.5","24.70000","5583","0"
"2015-04-15","24.55000","24.55","23.9","24.00000","7714","0"
"2015-04-16","23.50000","24","23.5","23.60000","2636","0"
"2015-04-17","23.60000","24","23.6","23.85000","3048","0"
"2015-04-20","24.00000","24","23.2","23.20000","23242","0"
"2015-04-21","23.95000","24","23","23.75000","10180","0"
"2015-04-22","23.60000","23.6","22.75","22.80000","10344","0"
"2015-04-23","22.80000","23.45","22.6","23.40000","18303","0"
"2015-04-24","23.95000","24","23.9","24.00000","8076","0"
"2015-04-27","24.00000","24.35","24","24.00000","3979","0"
"2015-04-28","24.00000","24.1","24","24.00000","1541","0"
"2015-04-29","24.00000","24.25","24","24.05000","1404","0"
"2015-04-30","24.00000","24","24","24.00000","1229","0"
"2015-05-04","24.00000","24.5","24","24.50000","6173","0"
"2015-05-05","24.50000","24.5","24","24.25000","6264","0"
"2015-05-06","24.00000","24.5","24","24.00000","3265","0"
"2015-05-07","23.50000","23.8","23.5","23.80000","2773","0"
"2015-05-08","24.00000","24.3","24","24.30000","4213","0"
"2015-05-11","24.00000","24.5","24","24.40000","1805","0"
"2015-05-12","24.00000","24","23","23.20000","3747","0"
"2015-05-13","23.50000","24","23.5","23.80000","3170","0"
"2015-05-14","23.50000","23.8","23.5","23.80000","3371","0"
"2015-05-15","24.00000","24","24","24.00000","3900","0"
"2015-05-18","24.00000","24","23.8","23.80000","2860","0"
"2015-05-19","24.00000","24.1","23.8","23.80000","4070","0"
"2015-05-20","23.60000","24","23.6","24.00000","1054","0"
"2015-05-21","24.40000","24.4","24","24.40000","916","0"
"2015-05-22","24.40000","24.6","24.4","24.60000","620","0"
"2015-05-26","24.20000","24.2","23","23.00000","2226","0"
"2015-05-29","23.00000","23","23","23.00000","2096","0"
"2015-06-01","24.00000","24","23","23.00000","4790","0"
"2015-06-02","23.00000","23.5","23","23.50000","2423","0"
"2015-06-03","23.45000","23.5","23.45","23.50000","343","0"
"2015-06-04","23.00000","23.8","23","23.80000","1180","0"
"2015-06-05","22.90000","22.9","22.6","22.60000","749","0"
"2015-06-08","22.90000","22.9","22.3","22.30000","1937","0"
"2015-06-09","23.00000","23","23","23.00000","500","0"
"2015-06-10","23.00000","23","23","23.00000","200","0"
"2015-06-11","22.00000","22","21.8","21.85000","9624","0"
"2015-06-12","22.80000","22.8","22.5","22.80000","3368","0"
"2015-06-15","22.50000","22.5","22.5","22.50000","10900","0"
"2015-06-16","22.60000","23.5","22.6","23.50000","15525","0"
"2015-06-17","22.00000","22.5","22","22.00000","4700","0"
"2015-06-18","21.30000","22","21.25","22.00000","2024","0"
"2015-06-19","22.90000","23.5","22.5","22.50000","6667","0"
"2015-06-22","23.00000","23","23","23.00000","175","0"
"2015-06-23","22.50000","22.5","22.5","22.50000","5000","0"
"2015-06-24","22.00000","22.5","22","22.00000","11090","0"
"2015-06-25","21.80000","22","21.3","22.00000","3825","0"
"2015-06-29","21.75000","21.75","21.75","21.75000","512","0"
"2015-06-30","21.00000","21.5","21","21.30000","4834","0"
"2015-07-01","21.30000","21.3","21.15","21.20000","4511","0"
"2015-07-02","21.20000","21.2","21.2","21.20000","1400","0"
"2015-07-03","21.30000","21.3","21.2","21.20000","2100","0"
"2015-07-06","20.80000","21.1","20.5","21.00000","6244","0"
"2015-07-07","21.00000","21","20.25","20.80000","3401","0"
"2015-07-08","20.50000","20.6","20","20.00000","5603","0"
"2015-07-10","20.00000","20","20","20.00000","3086","0"
"2015-07-13","20.20000","21","20.05","20.50000","4400","0"
"2015-07-14","21.00000","22","20.5","20.90000","12737","0"
"2015-07-15","20.90000","21","20.9","21.00000","13327","0"
"2015-07-16","21.00000","21","20.7","20.70000","1892","0"
"2015-07-17","20.70000","20.7","20.7","20.70000","1303","0"
"2015-07-20","20.50000","20.5","20.45","20.45000","1300","0"
"2015-07-21","20.50000","21","20.5","20.50000","2455","0"
"2015-07-22","20.50000","20.75","20.5","20.75000","7968","0"
"2015-07-24","20.75000","20.75","20","20.00000","2929","0"
"2015-07-27","20.00000","20","19","19.00000","2000","0"
"2015-07-28","18.20000","19.5","18.2","19.50000","4445","0"
"2015-07-29","19.50000","19.5","19.5","19.50000","450","0"
"2015-07-30","19.50000","19.5","19","19.00000","6685","0"
"2015-07-31","19.00000","19","18.7","18.70000","238","0"
"2015-08-03","18.70000","19.5","18.7","19.00000","18797","0"
"2015-08-04","19.50000","19.5","19","19.20000","24879","0"
"2015-08-05","19.20000","19.45","19","19.00000","13437","0"
"2015-08-06","19.50000","19.5","19","19.00000","770","0"
"2015-08-07","19.10000","19.5","19.1","19.30000","13896","0"
"2015-08-10","19.30000","19.8","19.3","19.80000","4461","0"
"2015-08-11","19.40000","20","19.4","20.00000","6438","0"
"2015-08-12","19.80000","20","19.8","20.00000","1821","0"
"2015-08-13","19.60000","19.8","19.6","19.80000","3211","0"
"2015-08-14","20.00000","20","20","20.00000","317","0"
"2015-08-18","19.20000","19.35","19.2","19.20000","6051","0"
"2015-08-19","19.20000","19.7","19.2","19.70000","4595","0"
"2015-08-20","19.50000","19.7","19.5","19.70000","41810","0"
"2015-08-21","20.00000","20","19.2","19.30000","8743","0"
"2015-08-24","18.25000","18.8","18","18.50000","12495","0"
"2015-08-25","19.00000","19","18.6","18.60000","3855","0"
"2015-08-26","19.00000","19.1","18.75","19.10000","26975","0"
"2015-08-27","19.30000","19.8","19.3","19.50000","42479","0"
"2015-08-28","19.80000","19.8","19.8","19.80000","6950","0"
"2015-08-31","19.80000","19.8","19.8","19.80000","151","0"
"2015-09-01","19.90000","20","19.9","20.00000","700","0"
"2015-09-02","19.50000","19.9","19.5","19.90000","1100","0"
"2015-09-03","19.50000","19.5","19.5","19.50000","397","0"
"2015-09-07","19.50000","19.5","19.5","19.50000","524","0"
"2015-09-08","19.60000","19.75","19.6","19.75000","3380","0"
"2015-09-09","19.75000","19.75","19.5","19.50000","3170","0"
"2015-09-10","19.75000","19.8","19.5","19.50000","2885","0"
"2015-09-11","19.20000","19.2","19.2","19.20000","2687","0"
"2015-09-14","19.75000","19.75","19.75","19.75000","75","0"
"2015-09-15","19.20000","19.2","18.75","18.75000","4137","0"
"2015-09-16","19.00000","19.25","19","19.00000","7393","0"
"2015-09-18","18.75000","18.9","18.75","18.90000","1850","0"
"2015-09-21","18.90000","18.9","18.9","18.90000","285","0"
"2015-09-22","18.00000","18","17.6","17.60000","3228","0"
"2015-09-23","18.00000","18","18","18.00000","10924","0"
"2015-09-24","16.75000","17","16.75","17.00000","2324","0"
"2015-09-25","17.00000","18","17","18.00000","7710","0"
"2015-09-28","18.00000","18","18","18.00000","1520","0"
"2015-09-29","18.25000","18.5","18.25","18.50000","8500","0"
"2015-10-01","18.50000","18.5","18.5","18.50000","200","0"
"2015-10-02","19.00000","19","17.8","18.90000","3236","0"
"2015-10-05","19.90000","19.9","19.7","19.75000","6052","0"
"2015-10-06","18.70000","19.9","18.7","19.90000","2425","0"
"2015-10-07","19.50000","20","19.5","19.95000","6120","0"
"2015-10-08","19.00000","19.5","19","19.50000","41540","0"
"2015-10-09","19.00000","19.5","19","19.50000","41540","0"
"2015-10-13","19.75000","19.75","18.8","18.80000","881","0"
"2015-10-14","19.00000","20","18.85","20.00000","4591","0"
"2015-10-15","20.00000","20.9","20","20.00000","3212","0"
"2015-10-16","20.10000","20.1","20","20.00000","1104","0"
"2015-10-19","20.00000","20.2","20","20.20000","1170","0"
"2015-10-20","20.00000","20","19.25","19.25000","61695","0"
"2015-10-21","20.00000","20.5","20","20.50000","6023","0"
"2015-10-22","20.80000","20.8","20.6","20.70000","2370","0"
"2015-10-23","20.70000","20.8","20.6","20.70000","5188","0"
"2015-10-26","22.00000","22","21","21.80000","12063","0"
"2015-10-27","21.60000","21.9","21.3","21.30000","4486","0"
"2015-10-28","21.50000","22.25","21.5","22.00000","25979","0"
"2015-10-29","22.00000","22.2","21.7","22.00000","16328","0"
"2015-10-30","21.50000","22.3","21.5","22.30000","13117","0"
"2015-11-02","22.40000","24.5","22.4","24.00000","65372","0"
"2015-11-03","24.00000","25.9","24","24.90000","70364","0"
"2015-11-04","24.90000","25.5","24.8","25.50000","34066","0"
"2015-11-05","25.50000","27.5","25.5","27.00000","69056","0"
"2015-11-09","27.00000","27.45","27","27.30000","31801","0"
"2015-11-10","27.50000","27.5","26.4","27.00000","27331","0"
"2015-11-11","27.10000","28","26.7","27.25000","41221","0"
"2015-11-12","27.00000","28.8","27","27.90000","74183","0"
"2015-11-13","28.05000","28.2","27.6","27.60000","77905","0"
"2015-11-16","28.00000","28","27.55","27.60000","53022","0"
"2015-11-17","28.00000","28","27.2","27.60000","74707","0"
"2015-11-18","28.00000","28","26","27.00000","65468","0"
"2015-11-19","27.10000","27.2","26","26.55000","27820","0"
"2015-11-20","27.00000","27.8","26.7","26.80000","37216","0"
"2015-11-23","29.40000","29.4","27","27.00000","22511","0"
"2015-11-24","27.00000","28","27","27.00000","50035","0"
"2015-11-25","27.40000","27.4","27","27.20000","7601","0"
"2015-11-26","27.80000","27.8","27","27.50000","13882","0"
"2015-11-30","28.45000","28.45","27.5","27.60000","9930","0"
"2015-12-01","28.00000","30","28","28.50000","44651","0"
"2015-12-02","29.10000","29.45","28","28.00000","22830","0"
"2015-12-03","28.50000","29","28.1","28.25000","16009","0"
"2015-12-09","29.25000","29.25","28.3","28.80000","74143","0"
"2015-12-10","29.80000","29.8","28.8","29.00000","28341","0"
"2015-12-11","29.00000","29.95","28.5","29.95000","17812","0"
"2015-12-14","30.00000","31.5","29.95","31.00000","36091","0"
"2015-12-15","30.90000","31.25","30.1","31.25000","11895","0"
"2015-12-16","32.25000","32.5","30","30.90000","18026","0"
"2015-12-17","31.50000","31.9","31","31.00000","10798","0"
"2015-12-18","32.00000","32","28","29.50000","11716","0"
"2015-12-21","30.00000","31.4","28","29.60000","13494","0"
"2015-12-22","30.00000","30.25","29","30.00000","6905","0"
"2015-12-23","30.00000","31.9","30","31.90000","19780","0"
"2015-12-28","31.90000","33.9","31.9","33.50000","20976","0"
"2015-12-29","34.50000","36.3","33.1","33.60000","29403","0"
"2015-12-30","34.60000","34.6","31.15","33.65000","16573","0"
"2016-01-04","33.00000","34","32.3","34.00000","10763","0"
"2016-01-05","34.00000","34","32.5","32.50000","11430","0"
"2016-01-06","32.50000","33.5","32.5","33.00000","7515","0"
"2016-01-07","32.80000","32.8","32","32.50000","12037","0"
"2016-01-08","32.50000","32.5","31.7","31.70000","23352","0"
"2016-01-11","31.80000","32.5","30.6","30.95000","8671","0"
"2016-01-12","30.95000","30.95","29","29.00000","12311","0"
"2016-01-13","29.00000","29","28","28.05000","14887","0"
"2016-01-14","29.50000","29.5","28.5","29.40000","9279","0"
"2016-01-15","29.30000","29.3","27","29.20000","19244","0"
"2016-01-18","29.00000","29","27.5","28.00000","4848","0"
"2016-01-19","29.00000","29","28","28.30000","10262","0"
"2016-01-20","28.50000","28.5","25.5","27.90000","10598","0"
"2016-01-21","28.25000","29","28.25","28.90000","12129","0"
"2016-01-22","29.50000","30.5","29.5","30.50000","14452","0"
"2016-01-25","30.50000","30.5","29.15","29.15000","1040","0"
"2016-01-26","29.15000","30.5","29.15","30.50000","6681","0"
"2016-01-27","31.45000","32.4","31.45","31.60000","5068","0"
"2016-01-28","31.60000","32","31.5","31.70000","7142","0"
"2016-01-29","32.30000","32.3","32","32.20000","6493","0"
"2016-02-01","31.00000","31","29","29.50000","45003","0"
"2016-02-02","29.50000","31","29.15","31.00000","21419","0"
"2016-02-03","29.75000","29.8","29.1","29.40000","7830277","0"
"2016-02-04","29.40000","29.9","29.4","29.60000","283823","0"
"2016-02-05","30.00000","30.5","29.85","30.00000","174870","0"
"2016-02-10","30.00000","30.6","29.9","30.20000","220346","0"
"2016-02-11","29.80000","30","29.5","29.65000","18069","0"
"2016-02-12","30.50000","30.5","29.7","29.80000","16447","0"
"2016-02-15","30.10000","30.1","29.1","29.50000","14498","0"
"2016-02-16","29.80000","29.8","28.6","28.90000","28486","0"
"2016-02-17","29.00000","29.7","29","29.45000","58089","0"
"2016-02-18","29.80000","29.8","28.75","29.00000","13484","0"
"2016-02-19","29.00000","30","29","30.00000","26698","0"
"2016-02-22","29.95000","30.5","29.5","30.00000","29982","0"
"2016-02-23","30.00000","30.5","29.75","30.10000","12749","0"
"2016-02-24","30.10000","30.1","29.8","30.10000","17709","0"
"2016-02-25","30.30000","30.3","29.7","29.80000","18352","0"
"2016-02-26","29.80000","29.85","28.8","29.50000","57306","0"
"2016-02-29","29.30000","29.5","28.8","29.20000","47499","0"
"2016-03-01","29.20000","30.2","29.2","30.00000","74386","0"
"2016-03-02","30.20000","30.2","29.55","29.90000","28977","0"
"2016-03-03","30.30000","30.3","29.5","29.90000","20193","0"
"2016-03-04","29.80000","30.1","29.7","29.80000","53942","0"
"2016-03-07","30.15000","30.2","29.8","29.90000","26439","0"
"2016-03-08","29.80000","30","29.75","29.85000","34077","0"
"2016-03-09","30.00000","30","29.85","30.00000","24596","0"
"2016-03-10","30.20000","36","30.15","36.00000","191760","0"
"2016-03-11","36.50000","41","36","38.40000","414617","0"
"2016-03-14","38.40000","41","38.3","39.30000","163105","0"
"2016-03-15","39.00000","39","36.1","37.00000","83486","0"
"2016-03-16","38.45000","38.45","37.75","38.20000","62664","0"
"2016-03-17","38.60000","39.7","38.5","38.95000","142113","0"
"2016-03-18","39.50000","40","39.5","40.00000","118237","0"
"2016-03-21","40.15000","40.5","39.5","39.60000","34548","0"
"2016-03-22","39.60000","40.3","38.7","39.35000","71371","0"
"2016-03-23","40.00000","40.4","39.2","40.00000","218706","0"
"2016-03-28","41.00000","41","39.7","39.85000","57500","0"
"2016-03-29","39.85000","43","39.85","42.00000","599731","0"
"2016-03-30","42.60000","43.5","41","41.00000","337795","0"
"2016-03-31","41.00000","41.5","39","40.00000","296614","0"
"2016-04-01","40.95000","41.3","40","40.30000","189492","0"
"2016-04-04","40.60000","40.6","38.3","38.30000","75882","0"
"2016-04-05","37.50000","37.5","34.7","35.70000","233442","0"
"2016-04-06","36.30000","37","35","35.50000","84478","0"
"2016-04-07","35.50000","35.5","33.2","35.00000","83704","0"
"2016-04-08","35.50000","35.7","34.2","34.20000","105702","0"
"2016-04-11","34.50000","34.5","33.5","33.70000","37555","0"
"2016-04-12","33.65000","34.7","33.1","34.20000","36571","0"
"2016-04-13","34.60000","36.2","34.2","35.80000","127153","0"
"2016-04-14","36.00000","36.7","35","35.80000","72631","0"
"2016-04-15","36.45000","36.45","35.85","35.90000","22936","0"
"2016-04-18","36.50000","36.5","35","35.15000","48233","0"
"2016-04-19","35.40000","36.4","35","35.90000","84007","0"
"2016-04-20","36.00000","36.5","35.3","35.70000","36729","0"
"2016-04-21","35.60000","35.7","35.35","35.60000","13375","0"
"2016-04-22","35.60000","35.95","35.4","35.70000","61188","0"
"2016-04-25","35.45000","35.5","33.1","34.80000","48950","0"
"2016-04-26","35.00000","35.8","34.5","35.70000","20351","0"
"2016-04-27","35.85000","37.5","35.5","37.05000","89304","0"
"2016-04-28","37.00000","38","36.9","37.60000","57676","0"
"2016-04-29","37.40000","37.7","37","37.15000","55989","0"
"2016-05-02","37.30000","37.5","36.55","37.00000","23141","0"
"2016-05-03","37.00000","37","35.8","36.00000","37268","0"
"2016-05-04","36.95000","36.95","35","35.45000","16099","0"
"2016-05-05","35.00000","35.45","34.3","34.80000","28643","0"
"2016-05-06","34.90000","35.65","34.9","35.65000","28034","0"
"2016-05-09","35.50000","35.9","35.5","35.50000","17581","0"
"2016-05-10","35.60000","36.7","35.55","36.30000","34486","0"
"2016-05-11","37.00000","39.65","36.4","39.65000","109998","0"
"2016-05-12","40.50000","40.5","38.5","39.20000","195034","0"
"2016-05-13","39.65000","39.65","38.4","38.55000","32759","0"
"2016-05-16","38.55000","39","38","39.00000","30801","0"
"2016-05-17","38.80000","38.8","38","38.70000","27849","0"
"2016-05-18","37.60000","38.7","37.6","38.25000","13194","0"
"2016-05-19","38.20000","38.2","36.5","37.70000","23094","0"
"2016-05-20","38.00000","38","37","37.40000","31560","0"
"2016-05-23","37.00000","37","35.65","35.65000","102971","0"
"2016-05-24","35.65000","35.8","33.05","35.25000","35491","0"
"2016-05-26","35.25000","35.25","33","34.65000","97773","0"
"2016-05-27","34.65000","34.65","33.5","34.45000","48339","0"
"2016-05-30","34.50000","35","33.6","34.60000","43996","0"
"2016-05-31","34.70000","34.9","34.2","34.60000","26511","0"
"2016-06-01","35.00000","35","33.65","33.65000","28472","0"
"2016-06-02","33.50000","33.5","32.5","33.20000","65031","0"
"2016-06-03","33.20000","34.8","33.2","34.60000","62915","0"
"2016-06-06","34.70000","35.5","34.1","34.55000","36802","0"
"2016-06-07","34.60000","34.95","34","34.50000","44874","0"
"2016-06-08","34.40000","34.8","34.1","34.50000","41328","0"
"2016-06-09","34.50000","35","34.4","34.80000","20074","0"
"2016-06-10","35.50000","35.5","34","34.50000","44511","0"
"2016-06-13","34.80000","34.8","33.15","33.25000","68566","0"
"2016-06-14","33.30000","34","32.5","33.95000","68432","0"
"2016-06-15","34.00000","34.5","33.75","34.00000","47018","0"
"2016-06-16","34.00000","34.15","33.5","33.70000","10281","0"
"2016-06-21","34.00000","34.3","33.7","33.70000","32433","0"
"2016-06-22","34.00000","34","33.5","33.70000","38567","0"
"2016-06-23","34.00000","34.2","33.5","33.75000","80759","0"
"2016-06-24","32.20000","33.3","31.15","33.00000","41830","0"
"2016-06-27","33.00000","33","32.1","32.50000","33116","0"
"2016-06-28","32.80000","34","32.8","33.40000","37916","0"
"2016-06-29","34.80000","36.5","34","36.50000","65717","0"
"2016-06-30","37.00000","37","36.1","36.50000","84196","0"
"2016-07-01","36.70000","37.6","36.3","36.70000","90588","0"
"2016-07-04","37.00000","37","36","36.80000","54239","0"
"2016-07-05","36.80000","36.8","34.15","35.65000","104892","0"
"2016-07-06","35.60000","35.65","34.5","35.30000","52405","0"
"2016-07-07","35.15000","37.15","35","35.50000","53271","0"
"2016-07-11","35.70000","36.9","35.7","36.30000","107307","0"
"2016-07-12","36.30000","38.8","36.3","38.80000","296250","0"
"2016-07-13","39.00000","40.95","39","40.00000","343661","0"
"2016-07-14","40.05000","41.6","39.9","41.60000","524517","0"
"2016-07-15","41.60000","42.5","41.5","42.20000","329933","0"
"2016-07-18","42.70000","42.9","41","42.30000","202815","0"
"2016-07-19","42.50000","42.7","39.7","40.70000","170548","0"
"2016-07-20","40.10000","41.95","40.05","41.60000","78356","0"
"2016-07-21","41.60000","42.4","40.5","41.20000","90052","0"
"2016-07-22","41.10000","41.9","40.05","41.35000","49621","0"
"2016-07-25","42.00000","45.4","41.4","44.95000","196190","0"
"2016-07-26","45.10000","45.3","43","43.45000","464444","0"
"2016-07-27","44.00000","44","42.85","42.90000","162445","0"
"2016-07-28","42.90000","43.5","42.7","42.70000","56385","0"
"2016-07-29","43.00000","44","42.9","43.00000","77883","0"
"2016-08-01","43.00000","43.45","42.8","43.15000","83161","0"
"2016-08-02","43.25000","43.25","42.5","42.75000","105118","0"
"2016-08-03","43.00000","43.5","42.7","43.20000","72176","0"
"2016-08-04","44.10000","44.5","43.5","43.50000","92680","0"
"2016-08-05","43.50000","43.5","42.6","43.00000","374788","0"
"2016-08-08","43.20000","43.5","42","43.00000","39894","0"
"2016-08-09","43.00000","43.8","42.8","43.80000","158477","0"
"2016-08-10","44.00000","45.15","43.8","43.85000","218147","0"
"2016-08-11","45.00000","45","43.3","43.35000","79410","0"
"2016-08-12","43.40000","43.8","42.7","42.85000","104305","0"
"2016-08-16","42.80000","43.45","42.7","42.95000","158877","0"
"2016-08-17","42.95000","42.95","41.7","42.85000","64308","0"
"2016-08-18","43.00000","43.15","42.75","42.80000","48552","0"
"2016-08-19","42.80000","43","42.5","42.95000","84940","0"
"2016-08-22","42.95000","43","42.7","43.00000","28543","0"
"2016-08-23","43.00000","43.8","42.9","43.80000","67844","0"
"2016-08-24","43.80000","44.7","43.8","44.00000","55616","0"
"2016-08-25","44.50000","44.5","43.8","44.00000","75209","0"
"2016-08-26","44.00000","44.1","43.5","43.85000","42651","0"
"2016-08-29","43.90000","44","43.5","43.80000","148829","0"
"2016-08-30","44.00000","44.1","43","43.90000","24560","0"
"2016-08-31","43.50000","44","42.4","42.85000","38969","0"
"2016-09-01","43.00000","44","43","43.70000","38436","0"
"2016-09-02","43.80000","44.2","42.5","43.40000","42256","0"
"2016-09-05","43.40000","44.1","43.2","44.00000","32577","0"
"2016-09-06","44.50000","44.5","43.6","43.90000","69928","0"
"2016-09-07","43.90000","44.2","43.7","43.70000","27752","0"
"2016-09-08","44.10000","44.2","43.55","43.55000","54535","0"
"2016-09-09","43.95000","43.95","43.15","43.50000","75958","0"
"2016-09-12","43.00000","43.25","42.7","43.10000","34517","0"
"2016-09-13","43.00000","43.2","42.25","42.85000","50987","0"
"2016-09-14","43.50000","43.5","42.2","42.20000","41862","0"
"2016-09-15","42.50000","42.5","40.9","41.60000","124862","0"
"2016-09-16","41.10000","41.7","41.1","41.50000","60896","0"
"2016-09-19","42.00000","42.95","40","42.90000","88796","0"
"2016-09-20","42.90000","43.5","42.5","43.00000","42851","0"
"2016-09-21","43.00000","43.15","42.5","42.70000","38624","0"
"2016-09-22","42.80000","44.2","42.8","43.95000","60653","0"
"2016-09-23","43.95000","44","43","43.90000","62137","0"
"2016-09-26","45.00000","45.5","43.95","44.00000","36697","0"
"2016-09-27","44.20000","44.75","43.1","44.75000","47842","0"
"2016-09-28","45.90000","45.9","44.5","45.10000","72442","0"
"2016-09-29","45.30000","45.7","44.1","44.10000","88686","0"
"2016-09-30","44.50000","44.75","43.2","44.00000","82772","0"
"2016-10-03","45.00000","45.2","44","45.20000","33029","0"
"2016-10-04","45.20000","46","44.85","45.50000","61115","0"
"2016-10-05","45.80000","46","44.75","45.20000","53844","0"
"2016-10-06","45.40000","45.4","44.7","44.90000","43241","0"
"2016-10-07","44.90000","44.9","44","44.60000","33541","0"
"2016-10-11","44.60000","44.6","43.75","43.75000","24001","0"
"2016-10-12","43.00000","43.7","42.5","43.20000","18806","0"
"2016-10-13","43.40000","43.6","42.5","43.00000","35189","0"
"2016-10-14","44.00000","44","42.5","43.10000","29325","0"
"2016-10-17","43.00000","43.1","42.25","42.25000","59071","0"
"2016-10-18","42.40000","43","42","42.75000","90091","0"
"2016-10-19","43.00000","44","42.6","43.00000","180049","0"
"2016-10-20","43.00000","43","42.25","42.80000","74146","0"
"2016-10-21","42.80000","44","42.05","42.40000","118831","0"
"2016-10-24","42.05000","42.6","41.2","42.15000","136213","0"
"2016-10-25","42.30000","43.3","42.1","43.30000","105439","0"
"2016-10-26","43.60000","43.6","43","43.55000","78543","0"
"2016-10-27","43.50000","43.5","42.4","43.40000","41196","0"
"2016-10-28","43.10000","43.1","42.45","42.45000","46676","0"
"2016-10-31","42.45000","42.45","41.6","41.70000","54157","0"
"2016-11-01","43.50000","43.5","40","40.25000","66340","0"
"2016-11-02","40.20000","40.2","38","39.40000","60448","0"
"2016-11-03","40.00000","40","39","39.00000","36632","0"
"2016-11-04","39.00000","39.4","38.5","38.70000","42018","0"
"2016-11-07","39.00000","40","38","39.90000","75438","0"
"2016-11-08","39.90000","40.5","39.1","40.00000","29272","0"
"2016-11-09","37.95000","39.2","37.6","39.00000","76943","0"
"2016-11-10","39.20000","39.3","36.1","36.60000","55718","0"
"2016-11-11","36.00000","37","33","35.40000","95271","0"
"2016-11-14","35.20000","36.45","33.5","36.45000","107403","0"
"2016-11-15","36.40000","39.35","36.35","39.00000","116085","0"
"2016-11-16","39.20000","42","38.95","41.35000","133056","0"
"2016-11-17","42.00000","43.8","42","42.80000","257706","0"
"2016-11-18","43.00000","43.3","42.1","42.30000","68775","0"
"2016-11-21","42.30000","42.95","42.2","42.25000","43635","0"
"2016-11-22","42.95000","43.9","42","42.60000","66333","0"
"2016-11-23","42.60000","43.1","42.6","42.70000","82842","0"
"2016-11-24","42.70000","43.5","42.7","42.70000","35149","0"
"2016-11-25","42.65000","42.65","42","42.00000","15196","0"
"2016-11-29","43.00000","43","41.7","41.80000","35233","0"
"2016-11-30","42.30000","43","41.75","41.75000","41318","0"
"2016-12-01","42.00000","42.25","38.9","39.95000","60569","0"
"2016-12-02","39.95000","39.95","37.7","38.80000","69670","0"
"2016-12-05","39.35000","40","39","39.60000","32525","0"
"2016-12-06","39.60000","40.5","39.6","40.00000","51996","0"
"2016-12-07","40.00000","40","39","39.20000","24168","0"
"2016-12-12","37.60000","39.5","37.6","39.50000","42413","0"
"2016-12-13","38.85000","40","37.9","39.50000","50904","0"
"2016-12-14","39.50000","39.9","38.05","39.90000","26329","0"
"2016-12-15","40.00000","40","38.5","38.60000","43842","0"
"2016-12-16","38.10000","38.9","38","38.00000","42380","0"
"2016-12-19","38.00000","38.55","36.1","36.85000","81191","0"
"2016-12-20","36.85000","37.45","36.85","37.10000","30442","0"
"2016-12-21","37.10000","38","37.1","37.80000","54253","0"
"2016-12-22","37.95000","38.3","37","37.10000","54985","0"
"2016-12-23","37.50000","37.5","36.25","36.75000","26111","0"
"2016-12-26","36.75000","36.75","35.6","36.20000","31848","0"
"2016-12-27","36.00000","38.75","35.95","37.50000","52027","0"
"2016-12-28","39.00000","39","36.6","37.50000","76566","0"
"2016-12-29","37.00000","39","37","39.00000","101375","0"
"2017-01-02","39.50000","39.95","39","39.20000","73002","0"
"2017-01-03","39.30000","39.5","38.35","39.30000","66994","0"
"2017-01-04","39.50000","39.65","38","39.05000","116926","0"
"2017-01-05","39.50000","39.5","38.3","39.30000","86365","0"
